{"cameraMode":{"drawMode":24,"name":"Light Overlap","section":"Baked Global Illumination"},"sceneLighting":true,"audioPlay":false,"sceneViewState":{"showFog":true,"showMaterialUpdate":false,"showSkybox":true,"showFlares":true,"showImageEffects":true,"showParticleSystems":true,"showVisualEffectGraphs":true,"m_FxEnabled":true},"in2DMode":false,"pivot":{"x":237.78048706054688,"y":357.27606201171877,"z":-17.148828506469728},"rotation":{"x":-0.021307064220309259,"y":-0.009900187142193318,"z":0.00021109827503096312,"w":-0.9997250437736511},"size":320.5451354980469,"orthographic":false}